{
  "columns_scaled": [
    "hour_local",
    "day_of_week",
    "is_weekend",
    "is_peak_hour",
    "week_number",
    "month",
    "pickup_distance",
    "dropoff_distance",
    "total_distance",
    "distance_ratio",
    "log_pickup",
    "log_dropoff",
    "log_total_dist",
    "is_long_trip",
    "is_distance_missing",
    "driver_mean_atd",
    "driver_median_atd",
    "driver_p90_atd",
    "driver_std_atd",
    "driver_sla_rate",
    "driver_trip_count",
    "driver_log_trips",
    "driver_is_new",
    "driver_mean_atd_30d",
    "driver_trip_count_30d",
    "driver_sla_rate_30d",
    "driver_mean_atd_7d",
    "driver_trip_count_7d",
    "driver_peak_hour_ratio",
    "driver_weekend_ratio",
    "driver_territory_entropy",
    "territory_median_atd",
    "geo_archetype_median_atd",
    "territory_flow_median_atd",
    "territory_hour_median_atd",
    "territory_code",
    "courier_flow_code",
    "geo_archetype_code",
    "merchant_surface_code",
    "time_block_code",
    "region_code",
    "country_name_code"
  ],
  "n_cols": 42,
  "feature_range": [
    0,
    1
  ],
  "data_min": [
    0.0,
    0.0,
    0.0,
    0.0,
    9.0,
    3.0,
    0.0,
    0.0,
    0.0,
    0.0,
    0.0,
    0.0,
    0.0,
    0.0,
    0.0,
    9.886111111111111,
    4.783333333333333,
    13.456666666666667,
    0.693721846275581,
    0.0,
    0.0,
    0.0,
    0.0,
    9.886111111111111,
    0.0,
    0.0,
    0.2833333333333333,
    0.0,
    0.0,
    0.0,
    0.0,
    31.916666666666668,
    32.21666666666667,
    21.883333333333333,
    27.833333333333332,
    0.0,
    -1.0,
    0.0,
    0.0,
    0.0,
    0.0,
    0.0
  ],
  "data_max": [
    23.0,
    6.0,
    1.0,
    1.0,
    14.0,
    3.0,
    40.114,
    123.586,
    124.79599999999999,
    34798.0,
    3.716348696103481,
    4.824996240489984,
    4.8346615472584356,
    1.0,
    1.0,
    103.05000000000001,
    104.85833333333335,
    119.04666666666667,
    47.00715902923723,
    1.0,
    6745.0,
    8.816705015621595,
    1.0,
    103.05000000000001,
    6680.0,
    1.0,
    119.78333333333332,
    1930.0,
    1.0,
    1.0,
    0.6931471805599453,
    34.2,
    34.766666666666666,
    57.3,
    65.48333333333332,
    4.0,
    6.0,
    5.0,
    4.0,
    5.0,
    0.0,
    0.0
  ],
  "data_range": [
    23.0,
    6.0,
    1.0,
    1.0,
    5.0,
    0.0,
    40.114,
    123.586,
    124.79599999999999,
    34798.0,
    3.716348696103481,
    4.824996240489984,
    4.8346615472584356,
    1.0,
    1.0,
    93.1638888888889,
    100.07500000000002,
    105.59,
    46.31343718296165,
    1.0,
    6745.0,
    8.816705015621595,
    1.0,
    93.1638888888889,
    6680.0,
    1.0,
    119.49999999999999,
    1930.0,
    1.0,
    1.0,
    0.6931471805599453,
    2.283333333333335,
    2.549999999999997,
    35.416666666666664,
    37.64999999999999,
    4.0,
    7.0,
    5.0,
    4.0,
    5.0,
    0.0,
    0.0
  ],
  "n_train_rows": 575060
}